depth, Negamax, SSS, DUAL
1, 0.0063001, 0.0062001, 0.006300
2, 0.0234002, 0.0422002, 0.043700
3, 0.1125003, 0.2450003, 0.191400
4, 0.7067004, 0.7659004, 0.949800
5, 2.6526005, 2.8522005, 2.822500
6, 6.6385006, 10.0186006, 9.625800
