depth, Negamax, SSS, DUAL
1, 0.0187001, 0.0190001, 0.023600
2, 0.0535002, 0.0578002, 0.054900
3, 0.1618003, 0.2019003, 0.230600
4, 0.6418004, 0.4582004, 0.562000
5, 1.5388005, 1.7507005, 1.426100
6, 3.8550006, 6.1249006, 5.146000
7, 11.0462007, 12.5600007, 18.264800
8, 73.3539008, 80.5357008, 111.453100
