depth, Negamax, SSS, DUAL
1, 0.0110001, 0.0093001, 0.011000
2, 0.0484002, 0.0625002, 0.084400
3, 0.3312003, 0.3062003, 0.337500
4, 0.9335004, 1.7438004, 1.639900
5, 5.1906005, 6.4872005, 4.769400
6, 17.7195006, 19.4130006, 20.005800
