depth, Negamax, SSS, DUAL
1, 0.0014001, 0.0017001, 0.004500
2, 0.0039002, 0.0052002, 0.005200
3, 0.0303003, 0.0319003, 0.011600
