depth, Negamax, SSS, DUAL
1, 0.0063001, 0.0047001, 0.007800
2, 0.0359002, 0.0672002, 0.046800
3, 0.1531003, 0.2781003, 0.268700
4, 0.7170004, 0.8201004, 0.979200
5, 2.5588005, 2.6024005, 2.691700
6, 5.8201006, 14.4043006, 8.207200
