depth, Negamax, SSS, DUAL
1, 0.0045001, 0.0058001, 0.005900
2, 0.0203002, 0.0171002, 0.016700
3, 0.1046003, 0.1151003, 0.099000
4, 0.5329004, 0.6132004, 0.543600
5, 2.5149005, 2.5354005, 2.543200
6, 12.6440006, 38.9076006, 14.905800
